{
    "1": 0.999999999156383,
    "6": 0.6847640492221975,
    "11": 0.4382523989156654,
    "16": 0.33777827634456103,
    "21": 0.28593414350906887,
    "26": 0.2545540448321677,
    "31": 0.23367788980153004,
    "36": 0.21889091406487884,
    "41": 0.20793799799597046,
    "46": 0.19954887961724066,
    "51": 0.1854324406519,
    "56": 0.15779864015118933,
    "60": 0.13960221913301965
}