{
    "1": 0.999999999156383,
    "6": 0.48801811970994524,
    "11": 0.35446172550876476,
    "16": 0.30129504865237755,
    "21": 0.26722394022131035,
    "26": 0.23939289545675185,
    "31": 0.21427015442451766,
    "36": 0.19123566576883683,
    "41": 0.1708057440718322,
    "46": 0.1539350495712474,
    "51": 0.14164938095310292,
    "56": 0.13475660145121496,
    "60": 0.13323109795596932
}