{
    "1": 0.999999999156383,
    "6": 0.7287540153909499,
    "11": 0.4814422050373937,
    "16": 0.36289240104689974,
    "21": 0.30135340749491235,
    "26": 0.2638747997834813,
    "31": 0.23878229742767118,
    "36": 0.22089144806201827,
    "41": 0.20754813046777762,
    "46": 0.19725555969158495,
    "51": 0.18910490915001263,
    "56": 0.18251370187328014,
    "60": 0.17809771401064403
}