{
    "1": 0.999999999156383,
    "6": 0.45927292977462725,
    "11": 0.3382757678970606,
    "16": 0.28253537257881034,
    "21": 0.24866680957186094,
    "26": 0.2252509418208513,
    "31": 0.2077901998876968,
    "36": 0.19410572188085035,
    "41": 0.182994860877365,
    "46": 0.1737327255225056,
    "51": 0.16585214289413833,
    "56": 0.15903678259890136,
    "60": 0.15419930750864033
}