{
    "1": 0.999999999156383,
    "6": 0.48942412817435293,
    "11": 0.3522721867948336,
    "16": 0.2963148612395262,
    "21": 0.2621591046854577,
    "26": 0.23672550783897756,
    "31": 0.21558396752185371,
    "36": 0.1968955717557591,
    "41": 0.17982874873278437,
    "46": 0.16404338767718174,
    "51": 0.1495308374989461,
    "56": 0.13672918804310316,
    "60": 0.12921112202093746
}