{
    "summary": {
        "lr": 0.00020000039575153976,
        "_wandb": {
            "runtime": 1039
        },
        "val/acc": 0.39961302280426025,
        "final-val/perplexity_wa": 33.69119372735723,
        "iter_dt": 0.245445471,
        "final-val/perplexity": 33.68913744422042,
        "final-val/best_loss_wa": 3.5172388553619385,
        "val/perplexity": 32.35512247569128,
        "_step": 110,
        "_runtime": 1039.3660230636597,
        "val/loss": 3.4767746925354004,
        "_timestamp": 1715368907.8537211,
        "parameters": 53027328,
        "train/loss": 3.5289306640625,
        "final-val/loss": 3.5171778202056885,
        "wa_best_horizon": 500,
        "train/perplexity": 34.08741621800441,
        "val/best_loss_wa": 3.4757447242736816,
        "final-val/loss_wa": 3.5172388553619385,
        "optimized_parameters": 53027328,
        "val/best_perplexity_wa": 32.32181490465675,
        "iter": 3650,
        "val/loss_wa": 3.4757447242736816,
        "final-val/acc": 0.3939042389392853,
        "val/perplexity_wa": 32.32181490465675,
        "final-val/best_perplexity_wa": 33.69119372735723
    },
    "config": {
        "lr": 0.002,
        "moe": false,
        "opt": "adamw",
        "bias": false,
        "seed": 0,
        "beta1": 0.9,
        "beta2": 0.95,
        "dtype": "bfloat16",
        "model": "llama_norm",
        "wandb": true,
        "device": "cuda:0",
        "n_embd": 512,
        "n_head": 8,
        "compile": true,
        "dataset": "slimpajama",
        "dropout": 0,
        "n_layer": 8,
        "init_std": 0.02,
        "wa_dtype": "float32",
        "acc_steps": 2,
        "data_seed": 1337,
        "ema_decay": 0.95,
        "grad_clip": 1,
        "scale_emb": 10,
        "scheduler": "cos",
        "tokenizer": "gpt2",
        "batch_size": 50,
        "from_dense": false,
        "iterations": 3650,
        "vocab_size": 50304,
        "wa_horizon": 500,
        "world_size": 2,
        "auto_resume": true,
        "data_in_ram": false,
        "moe_routing": "standard_gating",
        "multiple_of": 256,
        "resume_from": null,
        "rmsnorm_eps": 1e-05,
        "scale_depth": 1.4,
        "wa_interval": 5,
        "datasets_dir": "./datasets/",
        "ema_interval": 10,
        "eval_batches": 32,
        "full_eval_at": [
            3650,
            7500,
            11250
        ],
        "log_dynamics": false,
        "log_interval": 50,
        "warmup_steps": 300,
        "weight_decay": 0.1,
        "config_format": "base",
        "eval_interval": 200,
        "wandb_project": "scaling-laws-slimpajama",
        "parallel_block": false,
        "use_pretrained": "none",
        "weight_average": true,
        "capacity_factor": 2,
        "eval_seq_prefix": "none",
        "experiment_name": null,
        "moe_num_experts": 8,
        "moe_router_loss": "load_balancing_z_loss",
        "sequence_length": 512,
        "wa_use_temp_dir": false,
        "wsd_fract_decay": 0,
        "ema_after_warmup": false,
        "scale_base_model": 256,
        "wa_sweep_horizon": true,
        "wandb_run_prefix": "sl53",
        "max_num_wa_sweeps": 10,
        "moe_softmax_order": "topk_softmax",
        "moe_z_loss_factor": 0.01,
        "mlp_dim_exp_factor": 1,
        "plot_router_logits": false,
        "wsd_final_lr_scale": 0,
        "distributed_backend": "nccl",
        "dynamics_logger_cfg": "./src/logger/rotational_logger.yaml",
        "moe_aux_loss_factor": 0.1,
        "results_base_folder": "./exps",
        "latest_ckpt_interval": 1000,
        "wsd_exponential_decay": false,
        "moe_num_shared_experts": 0,
        "moe_entropy_loss_factor": 0.01,
        "moe_num_experts_per_tok": 2,
        "permanent_ckpt_interval": 0,
        "exponential_moving_average": false
    },
    "name": "sl53_slimpajama_llama_norm_nlayers8_nhead8_lr0.002_sched_cos_warmup300_iter3650_bs50x2_ws2_seed0_data_seed1337",
    "history": {
        "final-val": {
            "iter": [
                3650
            ],
            "final_val_best_perplexity_wa": [
                33.69119372735723
            ],
            "final_val_best_loss_wa": [
                3.5172388553619385
            ],
            "final_val_loss": [
                3.5171778202056885
            ],
            "final_val_perplexity": [
                33.68913744422042
            ]
        },
        "val": {
            "iter": [
                0,
                200,
                400,
                600,
                800,
                1000,
                1200,
                1400,
                1600,
                1800,
                2000,
                2200,
                2400,
                2600,
                2800,
                3000,
                3200,
                3400,
                3600
            ],
            "val_perplexity": [
                51677.89673145973,
                244.37550077089446,
                101.6328419181986,
                68.01040999539715,
                57.72156325096344,
                51.9816485878046,
                48.077369287308585,
                45.040783220489125,
                42.65343816809735,
                40.77221270980532,
                39.14343301381957,
                37.574282119390936,
                36.37168175024774,
                35.34641514983006,
                34.4439329471416,
                33.73381755084114,
                33.11307653859267,
                32.693560299057296,
                32.35512247569128
            ],
            "val_loss": [
                10.852792739868164,
                5.498709678649902,
                4.6213698387146,
                4.219663619995117,
                4.055633544921875,
                3.9508934020996094,
                3.872814178466797,
                3.8075709342956543,
                3.753110408782959,
                3.708003282546997,
                3.6672351360321045,
                3.6263222694396973,
                3.5937929153442383,
                3.565199375152588,
                3.539335250854492,
                3.518503189086914,
                3.4999306201934814,
                3.487180471420288,
                3.4767746925354004
            ],
            "val_acc": [
                0.009324951097369194,
                0.2168920934200287,
                0.2873595952987671,
                0.3300402760505676,
                0.34447264671325684,
                0.35425904393196106,
                0.36103758215904236,
                0.3670031726360321,
                0.3721374571323395,
                0.3761633038520813,
                0.38011839985847473,
                0.3844396770000458,
                0.38755857944488525,
                0.3899194598197937,
                0.39307862520217896,
                0.3952673375606537,
                0.39738038182258606,
                0.3986779749393463,
                0.39961302280426025
            ]
        },