{
    "summary": {
        "val/loss_wa": 3.6456198692321777,
        "final-val/acc": 0.3806382417678833,
        "final-val/loss_wa": 3.653209686279297,
        "final-val/perplexity": 38.79852921709308,
        "_runtime": 702.1951909065247,
        "val/loss": 3.627285480499267,
        "_timestamp": 1715206006.1839309,
        "parameters": 33479040,
        "final-val/loss": 3.6583847999572754,
        "train/perplexity": 39.37809040710461,
        "optimized_parameters": 33479040,
        "val/best_perplexity_wa": 38.30641658444316,
        "iter": 3000,
        "_wandb": {
            "runtime": 702
        },
        "val/acc": 0.3855541944503784,
        "train/loss": 3.6732120513916016,
        "final-val/best_perplexity_wa": 38.59826120439407,
        "iter_dt": 0.636516804,
        "val/perplexity": 37.61049149496339,
        "val/best_loss_wa": 3.6456198692321777,
        "final-val/perplexity_wa": 38.59826120439407,
        "final-val/best_loss_wa": 3.653209686279297,
        "lr": 0.00020000060923477085,
        "_step": 89,
        "wa_best_horizon": 500,
        "val/perplexity_wa": 38.30641658444316
    },
    "config": {
        "lr": 0.002,
        "moe": false,
        "opt": "adamw",
        "bias": false,
        "seed": 0,
        "beta1": 0.9,
        "beta2": 0.95,
        "dtype": "bfloat16",
        "model": "llama_norm",
        "wandb": true,
        "device": "cuda:0",
        "n_embd": 384,
        "n_head": 6,
        "compile": true,
        "dataset": "slimpajama",
        "dropout": 0,
        "n_layer": 8,
        "init_std": 0.02,
        "wa_dtype": "float32",
        "acc_steps": 2,
        "data_seed": 1337,
        "ema_decay": 0.95,
        "grad_clip": 1,
        "scale_emb": 10,
        "scheduler": "cos",
        "tokenizer": "gpt2",
        "batch_size": 50,
        "from_dense": false,
        "iterations": 3000,
        "vocab_size": 50304,
        "wa_horizon": 500,
        "world_size": 2,
        "auto_resume": true,
        "data_in_ram": false,
        "moe_routing": "standard_gating",
        "multiple_of": 256,
        "resume_from": null,
        "rmsnorm_eps": 1e-05,
        "scale_depth": 1.4,
        "wa_interval": 5,
        "datasets_dir": "./datasets/",
        "ema_interval": 10,
        "eval_batches": 32,
        "full_eval_at": [
            3000,
            7000,
            10000
        ],
        "log_dynamics": false,
        "log_interval": 50,
        "warmup_steps": 300,
        "weight_decay": 0.1,
        "config_format": "base",
        "eval_interval": 200,
        "wandb_project": "scaling-laws-slimpajama",
        "parallel_block": false,
        "use_pretrained": "none",
        "weight_average": true,
        "capacity_factor": 2,
        "eval_seq_prefix": "none",
        "experiment_name": null,
        "moe_num_experts": 8,
        "moe_router_loss": "load_balancing_z_loss",
        "sequence_length": 512,
        "wa_use_temp_dir": false,
        "wsd_fract_decay": 0,
        "ema_after_warmup": false,
        "scale_base_model": 256,
        "wa_sweep_horizon": true,
        "wandb_run_prefix": "sl",
        "max_num_wa_sweeps": 10,
        "moe_softmax_order": "topk_softmax",
        "moe_z_loss_factor": 0.01,
        "mlp_dim_exp_factor": 1,
        "plot_router_logits": false,
        "wsd_final_lr_scale": 0,
        "distributed_backend": "nccl",
        "dynamics_logger_cfg": "./src/logger/rotational_logger.yaml",
        "moe_aux_loss_factor": 0.1,
        "results_base_folder": "./exps",
        "latest_ckpt_interval": 1000,
        "wsd_exponential_decay": false,
        "moe_num_shared_experts": 0,
        "moe_entropy_loss_factor": 0.01,
        "moe_num_experts_per_tok": 2,
        "permanent_ckpt_interval": 0,
        "exponential_moving_average": false
    },
    "name": "sl_slimpajama_llama_norm_nlayers8_nhead6_lr0.002_sched_cos_warmup300_iter3000_bs50x2_ws2_seed0_data_seed1337",
    "history": {
        "final-val": {
            "iter": [
                3000
            ],
            "final_val_best_perplexity_wa": [
                38.59826120439407
            ],
            "final_val_best_loss_wa": [
                3.653209686279297
            ],
            "final_val_loss": [
                3.6583847999572754
            ],
            "final_val_perplexity": [
                38.79852921709308
            ]
        },
        "val": {
            "iter": [
                0,
                200,
                400,
                600,
                800,
                1000,
                1200,
                1400,
                1600,
                1800,
                2000,
                2200,
                2400,
                2600,
                2800
            ],
            "val_perplexity": [
                49927.02736884548,
                273.28146839666044,
                125.58413738513501,
                75.1397147986758,
                62.6445098452788,
                56.04565306214612,
                51.91016318289133,
                48.42642641695203,
                45.80272068985644,
                43.723647771985405,
                41.83044112521019,
                40.33458362687475,
                39.15678078609988,
                38.25665606011014,
                37.61049149496339
            ],
            "val_loss": [
                10.81832504272461,
                5.610506057739258,
                4.832979202270508,
                4.319352149963379,
                4.137478828430176,
                4.026169300079346,
                3.949517250061035,
                3.8800482749938965,
                3.8243460655212402,
                3.7778916358947754,
                3.7336268424987793,
                3.697211742401123,
                3.6675760746002197,
                3.644320011138916,
                3.6272854804992676
            ],
            "val_acc": [
                0.02794555574655533,
                0.21135619282722473,
                0.2584265172481537,
                0.3211462199687958,
                0.3374059796333313,
                0.34810179471969604,
                0.354583740234375,
                0.36067870259284973,
                0.3661779761314392,
                0.3706909120082855,
                0.3748205602169037,
                0.3781213164329529,
                0.3812853693962097,
                0.38337159156799316,
                0.3855541944503784
            ]
        },
        "train": {
            "iter": [
                50,
                100,
                150,
                200,
                250,
                300,
                350,
                400,
                450,
                500,
                550,
                600,
                650,
                700,
                750,
                800,
                850,
                900,
                950,
                1000,
                1050,
                1100,
                1150,
                1200,
                1250,
                1300,
                1350,
                1400,
                1450,
                1500,
                1550,
                1600,
                1650,
                1700,
                1750,
                1800,
                1850,
                1900,
                1950,
                2000,
                2050,
                2100,
                2150,
                2200,
                2250,
                2300,
                2350,
                2400,
                2450,
                2500,
                2550,
                2600,
                2650,
                2700,
                2750,
                2800,
                2850,
                2900,
                2950,
                3000
            ],